abilities,against_bug,against_dark,against_dragon,against_electric,against_fairy,against_fight,against_fire,against_flying,against_ghost,against_grass,against_ground,against_ice,against_normal,against_poison,against_psychic,against_rock,against_steel,against_water,attack,base_egg_steps,base_happiness,base_total,capture_rate,classfication,defense,experience_growth,height_m,hp,name,percentage_male,pokedex_number,sp_attack,sp_defense,speed,type1,type2,weight_kg,generation,is_legendary
Overgrow' 'Chlorophyll',1,1,1,0.5,0.5,0.5,2,2,1,0.25,1,2,1,1,2,1,1,0.5,49,5120,70,318,45,Seed Pokemon,49,1059860,0.7,45,Bulbasaur,88.1,1,65,65,45,grass,poison,6.9,1,0
Overgrow' 'Chlorophyll',1,1,1,0.5,0.5,0.5,2,2,1,0.25,1,2,1,1,2,1,1,0.5,62,5120,70,405,45,Seed Pokemon,63,1059860,1,60,Ivysaur,88.1,2,80,80,60,grass,poison,13,1,0
Overgrow' 'Chlorophyll',1,1,1,0.5,0.5,0.5,2,2,1,0.25,1,2,1,1,2,1,1,0.5,100,5120,70,625,45,Seed Pokemon,123,1059860,2,80,Venusaur,88.1,3,122,120,80,grass,poison,100,1,0
Blaze' 'Solar Power',0.5,1,1,1,0.5,1,0.5,1,1,0.5,2,0.5,1,1,1,2,0.5,2,52,5120,70,309,45,Lizard Pokemon,43,1059860,0.6,39,Charmander,88.1,4,60,50,65,fire,,8.5,1,0
Blaze' 'Solar Power',0.5,1,1,1,0.5,1,0.5,1,1,0.5,2,0.5,1,1,1,2,0.5,2,64,5120,70,405,45,Flame Pokemon,58,1059860,1.1,58,Charmeleon,88.1,5,80,65,80,fire,,19,1,0
Blaze' 'Solar Power',0.25,1,1,2,0.5,0.5,0.5,1,1,0.25,0,1,1,1,1,4,0.5,2,104,5120,70,634,45,Flame Pokemon,78,1059860,1.7,78,Charizard,88.1,6,159,115,100,fire,flying,90.5,1,0
Torrent' 'Rain Dish',1,1,1,2,1,1,0.5,1,1,2,1,0.5,1,1,1,1,0.5,0.5,48,5120,70,314,45,Tiny Turtle Pokemon,65,1059860,0.5,44,Squirtle,88.1,7,50,64,43,water,,9,1,0
Torrent' 'Rain Dish',1,1,1,2,1,1,0.5,1,1,2,1,0.5,1,1,1,1,0.5,0.5,63,5120,70,405,45,Turtle Pokemon,80,1059860,1,59,Wartortle,88.1,8,65,80,58,water,,22.5,1,0
Torrent' 'Rain Dish',1,1,1,2,1,1,0.5,1,1,2,1,0.5,1,1,1,1,0.5,0.5,103,5120,70,630,45,Shellfish Pokemon,120,1059860,1.6,79,Blastoise,88.1,9,135,115,78,water,,85.5,1,0
Shield Dust' 'Run Away',1,1,1,1,1,0.5,2,2,1,0.5,0.5,1,1,1,1,2,1,1,30,3840,70,195,255,Worm Pokemon,35,1000000,0.3,45,Caterpie,50,10,20,20,45,bug,,2.9,1,0
Shed Skin',1,1,1,1,1,0.5,2,2,1,0.5,0.5,1,1,1,1,2,1,1,20,3840,70,205,120,Cocoon Pokemon,55,1000000,0.7,50,Metapod,50,11,25,25,30,bug,,9.9,1,0
Compoundeyes' 'Tinted Lens',0.5,1,1,2,1,0.25,2,2,1,0.25,0,2,1,1,1,4,1,1,45,3840,70,395,45,Butterfly Pokemon,50,1000000,1.1,60,Butterfree,50,12,90,80,70,bug,flying,32,1,0
Shield Dust' 'Run Away',0.5,1,1,1,0.5,0.25,2,2,1,0.25,1,1,1,0.5,2,2,1,1,35,3840,70,195,255,Hairy Pokemon,30,1000000,0.3,40,Weedle,50,13,20,20,50,bug,poison,3.2,1,0
Shed Skin',0.5,1,1,1,0.5,0.25,2,2,1,0.25,1,1,1,0.5,2,2,1,1,25,3840,70,205,120,Cocoon Pokemon,50,1000000,0.6,45,Kakuna,50,14,25,25,35,bug,poison,10,1,0
Swarm' 'Sniper',0.5,1,1,1,0.5,0.25,2,2,1,0.25,1,1,1,0.5,2,2,1,1,150,3840,70,495,45,Poison Bee Pokemon,40,1000000,1,65,Beedrill,50,15,15,80,145,bug,poison,29.5,1,0
Keen Eye' 'Tangled Feet' 'Big Pecks',0.5,1,1,2,1,1,1,1,0,0.5,0,2,1,1,1,2,1,1,45,3840,70,251,255,Tiny Bird Pokemon,40,1059860,0.3,40,Pidgey,50,16,35,35,56,normal,flying,1.8,1,0
Keen Eye' 'Tangled Feet' 'Big Pecks',0.5,1,1,2,1,1,1,1,0,0.5,0,2,1,1,1,2,1,1,60,3840,70,349,120,Bird Pokemon,55,1059860,1.1,63,Pidgeotto,50,17,50,50,71,normal,flying,30,1,0
Keen Eye' 'Tangled Feet' 'Big Pecks',0.5,1,1,2,1,1,1,1,0,0.5,0,2,1,1,1,2,1,1,80,3840,70,579,45,Bird Pokemon,80,1059860,1.5,83,Pidgeot,50,18,135,80,121,normal,flying,39.5,1,0
Run Away' 'Guts' 'Hustle' 'Gluttony' 'Hustle' 'Thick Fat',1,1,1,1,1,2,1,1,0,1,1,1,1,1,1,1,1,1,56,3840,70,253,255,Mouse Pokemon,35,1000000,,30,Rattata,50,19,25,35,72,normal,dark,,1,0
Run Away' 'Guts' 'Hustle' 'Gluttony' 'Hustle' 'Thick Fat',1,1,1,1,1,2,1,1,0,1,1,1,1,1,1,1,1,1,71,3840,70,413,127,Mouse Pokemon,70,1000000,,75,Raticate,50,20,40,80,77,normal,dark,,1,0
Keen Eye' 'Sniper',0.5,1,1,2,1,1,1,1,0,0.5,0,2,1,1,1,2,1,1,60,3840,70,262,255,Tiny Bird Pokemon,30,1000000,0.3,40,Spearow,50,21,31,31,70,normal,flying,2,1,0
Keen Eye' 'Sniper',0.5,1,1,2,1,1,1,1,0,0.5,0,2,1,1,1,2,1,1,90,3840,70,442,90,Beak Pokemon,65,1000000,1.2,65,Fearow,50,22,61,61,100,normal,flying,38,1,0
Intimidate' 'Shed Skin' 'Unnerve',0.5,1,1,1,0.5,0.5,1,1,1,0.5,2,1,1,0.5,2,1,1,1,60,5120,70,288,255,Snake Pokemon,44,1000000,2,35,Ekans,50,23,40,54,55,poison,,6.9,1,0
Intimidate' 'Shed Skin' 'Unnerve',0.5,1,1,1,0.5,0.5,1,1,1,0.5,2,1,1,0.5,2,1,1,1,95,5120,70,448,90,Cobra Pokemon,69,1000000,3.5,60,Arbok,50,24,65,79,80,poison,,65,1,0
Static' 'Lightningrod',1,1,1,0.5,1,1,1,0.5,1,1,2,1,1,1,1,1,0.5,1,55,2560,70,320,190,Mouse Pokemon,40,1000000,0.4,35,Pikachu,50,25,50,50,90,electric,,6,1,0
Static' 'Lightningrod' 'Surge Surfer',1,1,1,0.5,1,1,1,0.5,1,1,2,1,1,1,1,1,0.5,1,85,2560,70,485,75,Mouse Pokemon,50,1000000,,60,Raichu,50,26,95,85,110,electric,electric,,1,0
Sand Veil' 'Sand Rush' 'Snow Cloak' 'Slush Rush',1,1,1,0,1,1,1,1,1,2,1,2,1,0.5,1,0.5,1,2,75,5120,70,300,255,Mouse Pokemon,90,1000000,,50,Sandshrew,50,27,10,35,40,ground,ice,,1,0
Sand Veil' 'Sand Rush' 'Snow Cloak' 'Slush Rush',1,1,1,0,1,1,1,1,1,2,1,2,1,0.5,1,0.5,1,2,100,5120,70,450,90,Mouse Pokemon,120,1000000,,75,Sandslash,50,28,25,65,65,ground,ice,,1,0
Poison Point' 'Rivalry' 'Hustle',0.5,1,1,1,0.5,0.5,1,1,1,0.5,2,1,1,0.5,2,1,1,1,47,5120,70,275,235,Poison Pin Pokemon,52,1059860,0.4,55,Nidoran♀,0,29,40,40,41,poison,,7,1,0
Poison Point' 'Rivalry' 'Hustle',0.5,1,1,1,0.5,0.5,1,1,1,0.5,2,1,1,0.5,2,1,1,1,62,5120,70,365,120,Poison Pin Pokemon,67,1059860,0.8,70,Nidorina,0,30,55,55,56,poison,,20,1,0
Poison Point' 'Rivalry' 'Sheer Force',0.5,1,1,0,0.5,0.5,1,1,1,1,2,2,1,0.25,2,0.5,1,2,92,5120,70,505,45,Drill Pokemon,87,1059860,1.3,90,Nidoqueen,0,31,75,85,76,poison,ground,60,1,0
Poison Point' 'Rivalry' 'Hustle',0.5,1,1,1,0.5,0.5,1,1,1,0.5,2,1,1,0.5,2,1,1,1,57,5120,70,273,235,Poison Pin Pokemon,40,1059860,0.5,46,Nidoran♂,100,32,40,40,50,poison,,9,1,0
Poison Point' 'Rivalry' 'Hustle',0.5,1,1,1,0.5,0.5,1,1,1,0.5,2,1,1,0.5,2,1,1,1,72,5120,70,365,120,Poison Pin Pokemon,57,1059860,0.9,61,Nidorino,100,33,55,55,65,poison,,19.5,1,0
Poison Point' 'Rivalry' 'Sheer Force',0.5,1,1,0,0.5,0.5,1,1,1,1,2,2,1,0.25,2,0.5,1,2,102,5120,70,505,45,Drill Pokemon,77,1059860,1.4,81,Nidoking,100,34,85,75,85,poison,ground,62,1,0
Cute Charm' 'Magic Guard' 'Friend Guard',0.5,0.5,0,1,1,0.5,1,1,1,1,1,1,1,2,1,1,2,1,45,2560,140,323,150,Fairy Pokemon,48,800000,0.6,70,Clefairy,24.6,35,60,65,35,fairy,,7.5,1,0
Cute Charm' 'Magic Guard' 'Unaware',0.5,0.5,0,1,1,0.5,1,1,1,1,1,1,1,2,1,1,2,1,70,2560,140,483,25,Fairy Pokemon,73,800000,1.3,95,Clefable,24.6,36,95,90,60,fairy,,40,1,0
Flash Fire' 'Drought' 'Snow Cloak' 'Snow Warning',0.5,1,1,1,0.5,1,0.5,1,1,0.5,2,0.5,1,1,1,2,0.5,2,41,5120,70,299,190,Fox Pokemon,40,1000000,,38,Vulpix,24.6,37,50,65,65,fire,ice,,1,0
Flash Fire' 'Drought' 'Snow Cloak' 'Snow Warning',0.5,1,1,1,0.5,1,0.5,1,1,0.5,2,0.5,1,1,1,2,0.5,2,67,5120,70,505,75,Fox Pokemon,75,1000000,,73,Ninetales,24.6,38,81,100,109,fire,ice,,1,0
Cute Charm' 'Competitive' 'Friend Guard',0.5,0.5,0,1,1,1,1,1,0,1,1,1,1,2,1,1,2,1,45,2560,70,270,170,Balloon Pokemon,20,800000,0.5,115,Jigglypuff,24.6,39,45,25,20,normal,fairy,5.5,1,0
Cute Charm' 'Competitive' 'Frisk',0.5,0.5,0,1,1,1,1,1,0,1,1,1,1,2,1,1,2,1,70,2560,70,435,50,Balloon Pokemon,45,800000,1,140,Wigglytuff,24.6,40,85,50,45,normal,fairy,12,1,0
Inner Focus' 'Infiltrator',0.25,1,1,2,0.5,0.25,1,1,1,0.25,0,2,1,0.5,2,2,1,1,45,3840,70,245,255,Bat Pokemon,35,1000000,0.8,40,Zubat,50,41,30,40,55,poison,flying,7.5,1,0
Inner Focus' 'Infiltrator',0.25,1,1,2,0.5,0.25,1,1,1,0.25,0,2,1,0.5,2,2,1,1,80,3840,70,455,90,Bat Pokemon,70,1000000,1.6,75,Golbat,50,42,65,75,90,poison,flying,55,1,0
Chlorophyll' 'Run Away',1,1,1,0.5,0.5,0.5,2,2,1,0.25,1,2,1,1,2,1,1,0.5,50,5120,70,320,255,Weed Pokemon,55,1059860,0.5,45,Oddish,50,43,75,65,30,grass,poison,5.4,1,0
Chlorophyll' 'Stench',1,1,1,0.5,0.5,0.5,2,2,1,0.25,1,2,1,1,2,1,1,0.5,65,5120,70,395,120,Weed Pokemon,70,1059860,0.8,60,Gloom,50,44,85,75,40,grass,poison,8.6,1,0
Chlorophyll' 'Effect Spore',1,1,1,0.5,0.5,0.5,2,2,1,0.25,1,2,1,1,2,1,1,0.5,80,5120,70,490,45,Flower Pokemon,85,1059860,1.2,75,Vileplume,50,45,110,90,50,grass,poison,18.6,1,0
Effect Spore' 'Dry Skin' 'Damp',2,1,1,0.5,1,0.5,4,4,1,0.25,0.25,2,1,2,1,2,1,0.5,70,5120,70,285,190,Mushroom Pokemon,55,1000000,0.3,35,Paras,50,46,45,55,25,bug,grass,5.4,1,0
Effect Spore' 'Dry Skin' 'Damp',2,1,1,0.5,1,0.5,4,4,1,0.25,0.25,2,1,2,1,2,1,0.5,95,5120,70,405,75,Mushroom Pokemon,80,1000000,1,60,Parasect,50,47,60,80,30,bug,grass,29.5,1,0
Compoundeyes' 'Tinted Lens' 'Run Away',0.5,1,1,1,0.5,0.25,2,2,1,0.25,1,1,1,0.5,2,2,1,1,55,5120,70,305,190,Insect Pokemon,50,1000000,1,60,Venonat,50,48,40,55,45,bug,poison,30,1,0
Shield Dust' 'Tinted Lens' 'Wonder Skin ',0.5,1,1,1,0.5,0.25,2,2,1,0.25,1,1,1,0.5,2,2,1,1,65,5120,70,450,75,Poison Moth Pokemon,60,1000000,1.5,70,Venomoth,50,49,90,75,90,bug,poison,12.5,1,0
Sand Veil' 'Arena Trap' 'Sand Force' 'Sand Veil' 'Tangling Hair' 'Sand Force',1,1,1,0,1,1,1,1,1,2,1,2,1,0.5,1,0.5,1,2,55,5120,70,265,255,Mole Pokemon,30,1000000,,10,Diglett,50,50,35,45,90,ground,ground,,1,0
Sand Veil' 'Arena Trap' 'Sand Force' 'Sand Veil' 'Tangling Hair' 'Sand Force',1,1,1,0,1,1,1,1,1,2,1,2,1,0.5,1,0.5,1,2,100,5120,70,425,50,Mole Pokemon,60,1000000,,35,Dugtrio,50,51,50,70,110,ground,ground,,1,0
Pickup' 'Technician' 'Unnerve' 'Pickup' 'Technician' 'Rattled',1,1,1,1,1,2,1,1,0,1,1,1,1,1,1,1,1,1,35,5120,70,290,255,Scratch Cat Pokemon,35,1000000,,40,Meowth,50,52,50,40,90,normal,dark,,1,0
Limber' 'Technician' 'Unnerve' 'Fur Coat' 'Technician' 'Rattled',1,1,1,1,1,2,1,1,0,1,1,1,1,1,1,1,1,1,60,5120,70,440,90,Classy Cat Pokemon,60,1000000,,65,Persian,50,53,75,65,115,normal,dark,,1,0
Damp' 'Cloud Nine' 'Swift Swim',1,1,1,2,1,1,0.5,1,1,2,1,0.5,1,1,1,1,0.5,0.5,52,5120,70,320,190,Duck Pokemon,48,1000000,0.8,50,Psyduck,50,54,65,50,55,water,,19.6,1,0
Damp' 'Cloud Nine' 'Swift Swim',1,1,1,2,1,1,0.5,1,1,2,1,0.5,1,1,1,1,0.5,0.5,82,5120,70,500,75,Duck Pokemon,78,1000000,1.7,80,Golduck,50,55,95,80,85,water,,76.6,1,0
Vital Spirit' 'Anger Point' 'Defiant',0.5,0.5,1,1,2,1,1,2,1,1,1,1,1,1,2,0.5,1,1,80,5120,70,305,190,Pig Monkey Pokemon,35,1000000,0.5,40,Mankey,50,56,35,45,70,fighting,,28,1,0
Vital Spirit' 'Anger Point' 'Defiant',0.5,0.5,1,1,2,1,1,2,1,1,1,1,1,1,2,0.5,1,1,105,5120,70,455,75,Pig Monkey Pokemon,60,1000000,1,65,Primeape,50,57,60,70,95,fighting,,32,1,0
Intimidate' 'Flash Fire' 'Justified',0.5,1,1,1,0.5,1,0.5,1,1,0.5,2,0.5,1,1,1,2,0.5,2,70,5120,70,350,190,Puppy Pokemon,45,1250000,0.7,55,Growlithe,75.4,58,70,50,60,fire,,19,1,0
Intimidate' 'Flash Fire' 'Justified',0.5,1,1,1,0.5,1,0.5,1,1,0.5,2,0.5,1,1,1,2,0.5,2,110,5120,70,555,75,Legendary Pokemon,80,1250000,1.9,90,Arcanine,75.4,59,100,80,95,fire,,155,1,0
Water Absorb' 'Damp' 'Swift Swim',1,1,1,2,1,1,0.5,1,1,2,1,0.5,1,1,1,1,0.5,0.5,50,5120,70,300,255,Tadpole Pokemon,40,1059860,0.6,40,Poliwag,50,60,40,40,90,water,,12.4,1,0
Water Absorb' 'Damp' 'Swift Swim',1,1,1,2,1,1,0.5,1,1,2,1,0.5,1,1,1,1,0.5,0.5,65,5120,70,385,120,Tadpole Pokemon,65,1059860,1,65,Poliwhirl,50,61,50,50,90,water,,20,1,0
Water Absorb' 'Damp' 'Swift Swim',0.5,0.5,1,2,2,1,0.5,2,1,2,1,0.5,1,1,2,0.5,0.5,0.5,95,5120,70,510,45,Tadpole Pokemon,95,1059860,1.3,90,Poliwrath,50,62,70,90,70,water,fighting,54,1,0
Synchronize' 'Inner Focus' 'Magic Guard',2,2,1,1,1,0.5,1,1,2,1,1,1,1,1,0.5,1,1,1,20,5120,70,310,200,Psi Pokemon,15,1059860,0.9,25,Abra,75.4,63,105,55,90,psychic,,19.5,1,0
Synchronize' 'Inner Focus' 'Magic Guard',2,2,1,1,1,0.5,1,1,2,1,1,1,1,1,0.5,1,1,1,35,5120,70,400,100,Psi Pokemon,30,1059860,1.3,40,Kadabra,75.4,64,120,70,105,psychic,,56.5,1,0
Synchronize' 'Inner Focus' 'Magic Guard',2,2,1,1,1,0.5,1,1,2,1,1,1,1,1,0.5,1,1,1,50,5120,70,600,50,Psi Pokemon,65,1059860,1.5,55,Alakazam,75.4,65,175,105,150,psychic,,48,1,0
Guts' 'No Guard' 'Steadfast',0.5,0.5,1,1,2,1,1,2,1,1,1,1,1,1,2,0.5,1,1,80,5120,70,305,180,Superpower Pokemon,50,1059860,0.8,70,Machop,75.4,66,35,35,35,fighting,,19.5,1,0
Guts' 'No Guard' 'Steadfast',0.5,0.5,1,1,2,1,1,2,1,1,1,1,1,1,2,0.5,1,1,100,5120,70,405,90,Superpower Pokemon,70,1059860,1.5,80,Machoke,75.4,67,50,60,45,fighting,,70.5,1,0
Guts' 'No Guard' 'Steadfast',0.5,0.5,1,1,2,1,1,2,1,1,1,1,1,1,2,0.5,1,1,130,5120,70,505,45,Superpower Pokemon,80,1059860,1.6,90,Machamp,75.4,68,65,85,55,fighting,,130,1,0
Chlorophyll' 'Gluttony',1,1,1,0.5,0.5,0.5,2,2,1,0.25,1,2,1,1,2,1,1,0.5,75,5120,70,300,255,Flower Pokemon,35,1059860,0.7,50,Bellsprout,50,69,70,30,40,grass,poison,4,1,0
Chlorophyll' 'Gluttony',1,1,1,0.5,0.5,0.5,2,2,1,0.25,1,2,1,1,2,1,1,0.5,90,5120,70,390,120,Flycatcher Pokemon,50,1059860,1,65,Weepinbell,50,70,85,45,55,grass,poison,6.4,1,0
Chlorophyll' 'Gluttony',1,1,1,0.5,0.5,0.5,2,2,1,0.25,1,2,1,1,2,1,1,0.5,105,5120,70,490,45,Flycatcher Pokemon,65,1059860,1.7,80,Victreebel,50,71,100,70,70,grass,poison,15.5,1,0
Clear Body' 'Liquid Ooze' 'Rain Dish',0.5,1,1,2,0.5,0.5,0.5,1,1,1,2,0.5,1,0.5,2,1,0.5,0.5,40,5120,70,335,190,Jellyfish Pokemon,35,1250000,0.9,40,Tentacool,50,72,50,100,70,water,poison,45.5,1,0
Clear Body' 'Liquid Ooze' 'Rain Dish',0.5,1,1,2,0.5,0.5,0.5,1,1,1,2,0.5,1,0.5,2,1,0.5,0.5,70,5120,70,515,60,Jellyfish Pokemon,65,1250000,1.6,80,Tentacruel,50,73,80,120,100,water,poison,55,1,0
Rock Head' 'Sturdy' 'Sand Veil' 'Magnet Pull' 'Sturdy' 'Galvanize',1,1,1,0,1,2,0.5,0.5,1,4,2,2,0.5,0.25,1,0.5,2,4,80,3840,70,300,255,Rock Pokemon,100,1059860,,40,Geodude,50,74,30,30,20,rock,ground,,1,0
Rock Head' 'Sturdy' 'Sand Veil' 'Magnet Pull' 'Sturdy' 'Galvanize',1,1,1,0,1,2,0.5,0.5,1,4,2,2,0.5,0.25,1,0.5,2,4,95,3840,70,390,120,Rock Pokemon,115,1059860,,55,Graveler,50,75,45,45,35,rock,ground,,1,0
Rock Head' 'Sturdy' 'Sand Veil' 'Magnet Pull' 'Sturdy' 'Galvanize',1,1,1,0,1,2,0.5,0.5,1,4,2,2,0.5,0.25,1,0.5,2,4,120,3840,70,495,45,Megaton Pokemon,130,1059860,,80,Golem,50,76,55,65,45,rock,ground,,1,0
Run Away' 'Flash Fire' 'Flame Body',0.5,1,1,1,0.5,1,0.5,1,1,0.5,2,0.5,1,1,1,2,0.5,2,85,5120,70,410,190,Fire Horse Pokemon,55,1000000,1,50,Ponyta,50,77,65,65,90,fire,,30,1,0
Run Away' 'Flash Fire' 'Flame Body',0.5,1,1,1,0.5,1,0.5,1,1,0.5,2,0.5,1,1,1,2,0.5,2,100,5120,70,500,60,Fire Horse Pokemon,70,1000000,1.7,65,Rapidash,50,78,80,80,105,fire,,95,1,0
Oblivious' 'Own Tempo' 'Regenerator',2,2,1,2,1,0.5,0.5,1,2,2,1,0.5,1,1,0.5,1,0.5,0.5,65,5120,70,315,190,Dopey Pokemon,65,1000000,1.2,90,Slowpoke,50,79,40,40,15,water,psychic,36,1,0
Oblivious' 'Own Tempo' 'Regenerator',2,2,1,2,1,0.5,0.5,1,2,2,1,0.5,1,1,0.5,1,0.5,0.5,75,5120,70,590,75,Hermit Crab Pokemon,180,1000000,1.6,95,Slowbro,50,80,130,80,30,water,psychic,78.5,1,0
Magnet Pull' 'Sturdy' 'Analytic',0.5,1,0.5,0.5,0.5,2,2,0.25,1,0.5,4,0.5,0.5,0,0.5,0.5,0.25,1,35,5120,70,325,190,Magnet Pokemon,70,1000000,0.3,25,Magnemite,,81,95,55,45,electric,steel,6,1,0
Magnet Pull' 'Sturdy' 'Analytic',0.5,1,0.5,0.5,0.5,2,2,0.25,1,0.5,4,0.5,0.5,0,0.5,0.5,0.25,1,60,5120,70,465,60,Magnet Pokemon,95,1000000,1,50,Magneton,,82,120,70,70,electric,steel,60,1,0
Keen Eye' 'Inner Focus' 'Defiant',0.5,1,1,2,1,1,1,1,0,0.5,0,2,1,1,1,2,1,1,90,5120,70,377,45,Wild Duck Pokemon,55,1000000,0.8,52,Farfetch'd,50,83,58,62,60,normal,flying,15,1,0
Run Away' 'Early Bird' 'Tangled Feet',0.5,1,1,2,1,1,1,1,0,0.5,0,2,1,1,1,2,1,1,85,5120,70,310,190,Twin Bird Pokemon,45,1000000,1.4,35,Doduo,50,84,35,35,75,normal,flying,39.2,1,0
Run Away' 'Early Bird' 'Tangled Feet',0.5,1,1,2,1,1,1,1,0,0.5,0,2,1,1,1,2,1,1,110,5120,70,470,45,Triple Bird Pokemon,70,1000000,1.8,60,Dodrio,50,85,60,60,110,normal,flying,85.2,1,0
Thick Fat' 'Hydration' 'Ice Body',1,1,1,2,1,1,0.5,1,1,2,1,0.5,1,1,1,1,0.5,0.5,45,5120,70,325,190,Sea Lion Pokemon,55,1000000,1.1,65,Seel,50,86,45,70,45,water,,90,1,0
Thick Fat' 'Hydration' 'Ice Body',1,1,1,2,1,2,1,1,1,2,1,0.25,1,1,1,2,1,0.5,70,5120,70,475,75,Sea Lion Pokemon,80,1000000,1.7,90,Dewgong,50,87,70,95,70,water,ice,120,1,0
Stench' 'Sticky Hold' 'Poison Touch' 'Poison Touch' 'Gluttony' 'Power of Alchemy',0.5,1,1,1,0.5,0.5,1,1,1,0.5,2,1,1,0.5,2,1,1,1,80,5120,70,325,190,Sludge Pokemon,50,1000000,,80,Grimer,50,88,40,50,25,poison,poison,,1,0
Stench' 'Sticky Hold' 'Poison Touch' 'Poison Touch' 'Gluttony' 'Power of Alchemy',0.5,1,1,1,0.5,0.5,1,1,1,0.5,2,1,1,0.5,2,1,1,1,105,5120,70,500,75,Sludge Pokemon,75,1000000,,105,Muk,50,89,65,100,50,poison,poison,,1,0
Shell Armor' 'Skill Link' 'Overcoat',1,1,1,2,1,1,0.5,1,1,2,1,0.5,1,1,1,1,0.5,0.5,65,5120,70,305,190,Bivalve Pokemon,100,1250000,0.3,30,Shellder,50,90,45,25,40,water,,4,1,0
Shell Armor' 'Skill Link' 'Overcoat',1,1,1,2,1,2,1,1,1,2,1,0.25,1,1,1,2,1,0.5,95,5120,70,525,60,Bivalve Pokemon,180,1250000,1.5,50,Cloyster,50,91,85,45,70,water,ice,132.5,1,0
Levitate',0.25,2,1,1,0.5,0,1,1,2,0.5,2,1,0,0.25,2,1,1,1,35,5120,70,310,190,Gas Pokemon,30,1059860,1.3,30,Gastly,50,92,100,35,80,ghost,poison,0.1,1,0
Levitate',0.25,2,1,1,0.5,0,1,1,2,0.5,2,1,0,0.25,2,1,1,1,50,5120,70,405,90,Gas Pokemon,45,1059860,1.6,45,Haunter,50,93,115,55,95,ghost,poison,0.1,1,0
Cursed Body',0.25,2,1,1,0.5,0,1,1,2,0.5,2,1,0,0.25,2,1,1,1,65,5120,70,600,45,Shadow Pokemon,80,1059860,1.5,60,Gengar,50,94,170,95,130,ghost,poison,40.5,1,0
Rock Head' 'Sturdy' 'Weak Armor',1,1,1,0,1,2,0.5,0.5,1,4,2,2,0.5,0.25,1,0.5,2,4,45,6400,70,385,45,Rock Snake Pokemon,160,1000000,8.8,35,Onix,50,95,30,45,70,rock,ground,210,1,0
Insomnia' 'Forewarn' 'Inner Focus',2,2,1,1,1,0.5,1,1,2,1,1,1,1,1,0.5,1,1,1,48,5120,70,328,190,Hypnosis Pokemon,45,1000000,1,60,Drowzee,50,96,43,90,42,psychic,,32.4,1,0
Insomnia' 'Forewarn' 'Inner Focus',2,2,1,1,1,0.5,1,1,2,1,1,1,1,1,0.5,1,1,1,73,5120,70,483,75,Hypnosis Pokemon,70,1000000,1.6,85,Hypno,50,97,73,115,67,psychic,,75.6,1,0
Hyper Cutter' 'Shell Armor' 'Sheer Force',1,1,1,2,1,1,0.5,1,1,2,1,0.5,1,1,1,1,0.5,0.5,105,5120,70,325,225,River Crab Pokemon,90,1000000,0.4,30,Krabby,50,98,25,25,50,water,,6.5,1,0
Hyper Cutter' 'Shell Armor' 'Sheer Force',1,1,1,2,1,1,0.5,1,1,2,1,0.5,1,1,1,1,0.5,0.5,130,5120,70,475,60,Pincer Pokemon,115,1000000,1.3,55,Kingler,50,99,50,50,75,water,,60,1,0
Soundproof' 'Static' 'Aftermath',1,1,1,0.5,1,1,1,0.5,1,1,2,1,1,1,1,1,0.5,1,30,5120,70,330,190,Ball Pokemon,50,1000000,0.5,40,Voltorb,,100,55,55,100,electric,,10.4,1,0
Soundproof' 'Static' 'Aftermath',1,1,1,0.5,1,1,1,0.5,1,1,2,1,1,1,1,1,0.5,1,50,5120,70,490,60,Ball Pokemon,70,1000000,1.2,60,Electrode,,101,80,80,150,electric,,66.6,1,0
Chlorophyll' 'Harvest',4,2,1,0.5,1,0.5,2,2,2,0.5,0.5,2,1,2,0.5,1,1,0.5,40,5120,70,325,90,Egg Pokemon,80,1250000,0.4,60,Exeggcute,50,102,60,45,40,grass,psychic,2.5,1,0
Chlorophyll' 'Harvest' 'Frisk' 'Harvest',4,2,1,0.5,1,0.5,2,2,2,0.5,0.5,2,1,2,0.5,1,1,0.5,105,5120,70,530,45,Coconut Pokemon,85,1250000,,95,Exeggutor,50,103,125,75,45,grass,psychic,,1,0
Rock Head' 'Lightningrod' 'Battle Armor',1,1,1,0,1,1,1,1,1,2,1,2,1,0.5,1,0.5,1,2,50,5120,70,320,190,Lonely Pokemon,95,1000000,0.4,50,Cubone,50,104,40,50,35,ground,,6.5,1,0
Rock Head' 'Lightningrod' 'Battle Armor' 'Cursed Body' 'Lightningrod' 'Rock Head',1,1,1,0,1,1,1,1,1,2,1,2,1,0.5,1,0.5,1,2,80,5120,70,425,75,Bone Keeper Pokemon,110,1000000,,60,Marowak,50,105,50,80,45,ground,fire,,1,0
Limber' 'Reckless' 'Unburden',0.5,0.5,1,1,2,1,1,2,1,1,1,1,1,1,2,0.5,1,1,120,6400,70,455,45,Kicking Pokemon,53,1000000,1.5,50,Hitmonlee,100,106,35,110,87,fighting,,49.8,1,0
Keen Eye' 'Iron Fist' 'Inner Focus',0.5,0.5,1,1,2,1,1,2,1,1,1,1,1,1,2,0.5,1,1,105,6400,70,455,45,Punching Pokemon,79,1000000,1.4,50,Hitmonchan,100,107,35,110,76,fighting,,50.2,1,0
Own Tempo' 'Oblivious' 'Cloud Nine',1,1,1,1,1,2,1,1,0,1,1,1,1,1,1,1,1,1,55,5120,70,385,45,Licking Pokemon,75,1000000,1.2,90,Lickitung,50,108,60,75,30,normal,,65.5,1,0
Levitate',0.5,1,1,1,0.5,0.5,1,1,1,0.5,2,1,1,0.5,2,1,1,1,65,5120,70,340,190,Poison Gas Pokemon,95,1000000,0.6,40,Koffing,50,109,60,45,35,poison,,1,1,0
Levitate',0.5,1,1,1,0.5,0.5,1,1,1,0.5,2,1,1,0.5,2,1,1,1,90,5120,70,490,60,Poison Gas Pokemon,120,1000000,1.2,65,Weezing,50,110,85,70,60,poison,,9.5,1,0
Lightningrod' 'Rock Head' 'Reckless',1,1,1,0,1,2,0.5,0.5,1,4,2,2,0.5,0.25,1,0.5,2,4,85,5120,70,345,120,Spikes Pokemon,95,1250000,1,80,Rhyhorn,50,111,30,30,25,ground,rock,115,1,0
Lightningrod' 'Rock Head' 'Reckless',1,1,1,0,1,2,0.5,0.5,1,4,2,2,0.5,0.25,1,0.5,2,4,130,5120,70,485,60,Drill Pokemon,120,1250000,1.9,105,Rhydon,50,112,45,45,40,ground,rock,120,1,0
Natural Cure' 'Serene Grace' 'Healer',1,1,1,1,1,2,1,1,0,1,1,1,1,1,1,1,1,1,5,10240,140,450,30,Egg Pokemon,5,800000,1.1,250,Chansey,0,113,35,105,50,normal,,34.6,1,0
Chlorophyll' 'Leaf Guard' 'Regenerator',2,1,1,0.5,1,1,2,2,1,0.5,0.5,2,1,2,1,1,1,0.5,55,5120,70,435,45,Vine Pokemon,115,1000000,1,65,Tangela,50,114,100,40,60,grass,,35,1,0
Early Bird' 'Scrappy' 'Inner Focus',1,1,1,1,1,2,1,1,0,1,1,1,1,1,1,1,1,1,125,5120,70,590,45,Parent Pokemon,100,1000000,2.2,105,Kangaskhan,0,115,60,100,100,normal,,80,1,0
Swift Swim' 'Sniper' 'Damp',1,1,1,2,1,1,0.5,1,1,2,1,0.5,1,1,1,1,0.5,0.5,40,5120,70,295,225,Dragon Pokemon,70,1000000,0.4,30,Horsea,50,116,70,25,60,water,,8,1,0
Poison Point' 'Sniper' 'Damp',1,1,1,2,1,1,0.5,1,1,2,1,0.5,1,1,1,1,0.5,0.5,65,5120,70,440,75,Dragon Pokemon,95,1000000,1.2,55,Seadra,50,117,95,45,85,water,,25,1,0
Swift Swim' 'Water Veil' 'Lightningrod',1,1,1,2,1,1,0.5,1,1,2,1,0.5,1,1,1,1,0.5,0.5,67,5120,70,320,225,Goldfish Pokemon,60,1000000,0.6,45,Goldeen,50,118,35,50,63,water,,15,1,0
Swift Swim' 'Water Veil' 'Lightningrod',1,1,1,2,1,1,0.5,1,1,2,1,0.5,1,1,1,1,0.5,0.5,92,5120,70,450,60,Goldfish Pokemon,65,1000000,1.3,80,Seaking,50,119,65,80,68,water,,39,1,0
Illuminate' 'Natural Cure' 'Analytic',1,1,1,2,1,1,0.5,1,1,2,1,0.5,1,1,1,1,0.5,0.5,45,5120,70,340,225,Starshape Pokemon,55,1250000,0.8,30,Staryu,,120,70,55,85,water,,34.5,1,0
Illuminate' 'Natural Cure' 'Analytic',2,2,1,2,1,0.5,0.5,1,2,2,1,0.5,1,1,0.5,1,0.5,0.5,75,5120,70,520,60,Mysterious Pokemon,85,1250000,1.1,60,Starmie,,121,100,85,115,water,psychic,80,1,0
Soundproof' 'Filter' 'Technician',1,1,0,1,1,0.25,1,1,2,1,1,1,1,2,0.5,1,2,1,45,6400,70,460,45,Barrier Pokemon,65,1000000,1.3,40,Mr. Mime,50,122,100,120,90,psychic,fairy,54.5,1,0
Swarm' 'Technician' 'Steadfast',0.5,1,1,2,1,0.25,2,2,1,0.25,0,2,1,1,1,4,1,1,110,6400,70,500,45,Mantis Pokemon,80,1000000,1.5,70,Scyther,50,123,55,80,105,bug,flying,56,1,0
Oblivious' 'Forewarn' 'Dry Skin',2,2,1,1,1,1,2,1,2,1,1,0.5,1,1,0.5,2,2,1,50,6400,70,455,45,Humanshape Pokemon,35,1000000,1.4,65,Jynx,0,124,115,95,95,ice,psychic,40.6,1,0
Static' 'Vital Spirit',1,1,1,0.5,1,1,1,0.5,1,1,2,1,1,1,1,1,0.5,1,83,6400,70,490,45,Electric Pokemon,57,1000000,1.1,65,Electabuzz,75.4,125,95,85,105,electric,,30,1,0
Flame Body' 'Vital Spirit',0.5,1,1,1,0.5,1,0.5,1,1,0.5,2,0.5,1,1,1,2,0.5,2,95,6400,70,495,45,Spitfire Pokemon,57,1000000,1.3,65,Magmar,75.4,126,100,85,93,fire,,44.5,1,0
Hyper Cutter' 'Mold Breaker' 'Moxie',1,1,1,1,1,0.5,2,2,1,0.5,0.5,1,1,1,1,2,1,1,155,6400,70,600,45,Stagbeetle Pokemon,120,1250000,1.5,65,Pinsir,50,127,65,90,105,bug,,55,1,0
Intimidate' 'Anger Point' 'Sheer Force',1,1,1,1,1,2,1,1,0,1,1,1,1,1,1,1,1,1,100,5120,70,490,45,Wild Bull Pokemon,95,1250000,1.4,75,Tauros,100,128,40,70,110,normal,,88.4,1,0
Swift Swim' 'Rattled',1,1,1,2,1,1,0.5,1,1,2,1,0.5,1,1,1,1,0.5,0.5,10,1280,70,200,255,Fish Pokemon,55,1250000,0.9,20,Magikarp,50,129,15,20,80,water,,10,1,0
Intimidate' 'Moxie',0.5,1,1,4,1,0.5,0.5,1,1,1,0,1,1,1,1,2,0.5,0.5,155,1280,70,640,45,Atrocious Pokemon,109,1250000,6.5,95,Gyarados,50,130,70,130,81,water,flying,235,1,0
Water Absorb' 'Shell Armor' 'Hydration',1,1,1,2,1,2,1,1,1,2,1,0.25,1,1,1,2,1,0.5,85,10240,70,535,45,Transport Pokemon,80,1250000,2.5,130,Lapras,50,131,85,95,60,water,ice,220,1,0
Limber' 'Imposter',1,1,1,1,1,2,1,1,0,1,1,1,1,1,1,1,1,1,48,5120,70,288,35,Transform Pokemon,48,1000000,0.3,48,Ditto,,132,48,48,48,normal,,4,1,0
Run Away' 'Adaptability' 'Anticipation',1,1,1,1,1,2,1,1,0,1,1,1,1,1,1,1,1,1,55,8960,70,325,45,Evolution Pokemon,50,1000000,0.3,55,Eevee,88.1,133,45,65,55,normal,,6.5,1,0
Water Absorb' 'Hydration',1,1,1,2,1,1,0.5,1,1,2,1,0.5,1,1,1,1,0.5,0.5,65,8960,70,525,45,Bubble Jet Pokemon,60,1000000,1,130,Vaporeon,88.1,134,110,95,65,water,,29,1,0
Volt Absorb' 'Quick Feet',1,1,1,0.5,1,1,1,0.5,1,1,2,1,1,1,1,1,0.5,1,65,8960,70,525,45,Lightning Pokemon,60,1000000,0.8,65,Jolteon,88.1,135,110,95,130,electric,,24.5,1,0
Flash Fire' 'Guts',0.5,1,1,1,0.5,1,0.5,1,1,0.5,2,0.5,1,1,1,2,0.5,2,130,8960,70,525,45,Flame Pokemon,60,1000000,0.9,65,Flareon,88.1,136,95,110,65,fire,,25,1,0
Trace' 'Download' 'Analytic',1,1,1,1,1,2,1,1,0,1,1,1,1,1,1,1,1,1,60,5120,70,395,45,Virtual Pokemon,70,1000000,0.8,65,Porygon,,137,85,75,40,normal,,36.5,1,0
Swift Swim' 'Shell Armor' 'Weak Armor',1,1,1,2,1,2,0.25,0.5,1,4,2,0.5,0.5,0.5,1,1,1,1,40,7680,70,355,45,Spiral Pokemon,100,1000000,0.4,35,Omanyte,88.1,138,90,55,35,rock,water,7.5,1,0
Swift Swim' 'Shell Armor' 'Weak Armor',1,1,1,2,1,2,0.25,0.5,1,4,2,0.5,0.5,0.5,1,1,1,1,60,7680,70,495,45,Spiral Pokemon,125,1000000,1,70,Omastar,88.1,139,115,70,55,rock,water,35,1,0
Swift Swim' 'Battle Armor' 'Weak Armor',1,1,1,2,1,2,0.25,0.5,1,4,2,0.5,0.5,0.5,1,1,1,1,80,7680,70,355,45,Shellfish Pokemon,90,1000000,0.5,30,Kabuto,88.1,140,55,45,55,rock,water,11.5,1,0
Swift Swim' 'Battle Armor' 'Weak Armor',1,1,1,2,1,2,0.25,0.5,1,4,2,0.5,0.5,0.5,1,1,1,1,115,7680,70,495,45,Shellfish Pokemon,105,1000000,1.3,60,Kabutops,88.1,141,65,70,80,rock,water,40.5,1,0
Rock Head' 'Pressure' 'Unnerve',0.5,1,1,2,1,1,0.5,0.5,1,1,0,2,0.5,0.5,1,2,2,2,135,8960,70,615,45,Fossil Pokemon,85,1250000,1.8,80,Aerodactyl,88.1,142,70,95,150,rock,flying,59,1,0
Immunity' 'Thick Fat' 'Gluttony',1,1,1,1,1,2,1,1,0,1,1,1,1,1,1,1,1,1,110,10240,70,540,25,Sleeping Pokemon,65,1250000,2.1,160,Snorlax,88.1,143,65,110,30,normal,,460,1,0
Pressure' 'Snow Cloak',0.5,1,1,2,1,1,2,1,1,0.5,0,1,1,1,1,4,2,1,85,20480,35,580,3,Freeze Pokemon,100,1250000,1.7,90,Articuno,,144,95,125,85,ice,flying,55.4,1,1
Pressure' 'Static',0.5,1,1,1,1,0.5,1,0.5,1,0.5,0,2,1,1,1,2,0.5,1,90,20480,35,580,3,Electric Pokemon,85,1250000,1.6,90,Zapdos,,145,125,90,100,electric,flying,52.6,1,1
Pressure' 'Flame Body',0.25,1,1,2,0.5,0.5,0.5,1,1,0.25,0,1,1,1,1,4,0.5,2,100,20480,35,580,3,Flame Pokemon,90,1250000,2,90,Moltres,,146,125,85,90,fire,flying,60,1,1
Shed Skin' 'Marvel Scale',1,1,2,0.5,2,1,0.5,1,1,0.5,1,2,1,1,1,1,1,0.5,64,10240,35,300,45,Dragon Pokemon,45,1250000,1.8,41,Dratini,50,147,50,50,50,dragon,,3.3,1,0
Shed Skin' 'Marvel Scale',1,1,2,0.5,2,1,0.5,1,1,0.5,1,2,1,1,1,1,1,0.5,84,10240,35,420,45,Dragon Pokemon,65,1250000,4,61,Dragonair,50,148,70,70,70,dragon,,16.5,1,0
Inner Focus' 'Multiscale',0.5,1,2,1,2,0.5,0.5,1,1,0.25,0,4,1,1,1,2,1,0.5,134,10240,35,600,45,Dragon Pokemon,95,1250000,2.2,91,Dragonite,50,149,100,100,80,dragon,flying,210,1,0
Pressure' 'Unnerve',2,2,1,1,1,0.5,1,1,2,1,1,1,1,1,0.5,1,1,1,150,30720,0,780,3,Genetic Pokemon,70,1250000,2,106,Mewtwo,,150,194,120,140,psychic,,122,1,1
Synchronize',2,2,1,1,1,0.5,1,1,2,1,1,1,1,1,0.5,1,1,1,100,30720,100,600,45,New Species Pokemon,100,1059860,0.4,100,Mew,,151,100,100,100,psychic,,4,1,1